<ImportExportXml version="9.2.22122.142" SolutionPackageVersion="9.2" languagecode="1046" generatedBy="CrmLive" xmlns:xsi="http://www.w3.org/2001/XMLSchema-instance">
  <SolutionManifest>
    <UniqueName>Treinamento</UniqueName>
    <LocalizedNames>
      <LocalizedName description="Treinamento" languagecode="1046" />
    </LocalizedNames>
    <Descriptions />
    <Version>1.0.0</Version>
    <Managed>0</Managed>
    <Publisher>
      <UniqueName>meupublicador</UniqueName>
      <LocalizedNames>
        <LocalizedName description="Meu Publicador" languagecode="1046" />
      </LocalizedNames>
      <Descriptions />
      <EMailAddress xsi:nil="true"></EMailAddress>
      <SupportingWebsiteUrl xsi:nil="true"></SupportingWebsiteUrl>
      <CustomizationPrefix>al</CustomizationPrefix>
      <CustomizationOptionValuePrefix>10287</CustomizationOptionValuePrefix>
      <Addresses>
        <Address>
          <AddressNumber>1</AddressNumber>
          <AddressTypeCode>1</AddressTypeCode>
          <City xsi:nil="true"></City>
          <County xsi:nil="true"></County>
          <Country xsi:nil="true"></Country>
          <Fax xsi:nil="true"></Fax>
          <FreightTermsCode xsi:nil="true"></FreightTermsCode>
          <ImportSequenceNumber xsi:nil="true"></ImportSequenceNumber>
          <Latitude xsi:nil="true"></Latitude>
          <Line1 xsi:nil="true"></Line1>
          <Line2 xsi:nil="true"></Line2>
          <Line3 xsi:nil="true"></Line3>
          <Longitude xsi:nil="true"></Longitude>
          <Name xsi:nil="true"></Name>
          <PostalCode xsi:nil="true"></PostalCode>
          <PostOfficeBox xsi:nil="true"></PostOfficeBox>
          <PrimaryContactName xsi:nil="true"></PrimaryContactName>
          <ShippingMethodCode>1</ShippingMethodCode>
          <StateOrProvince xsi:nil="true"></StateOrProvince>
          <Telephone1 xsi:nil="true"></Telephone1>
          <Telephone2 xsi:nil="true"></Telephone2>
          <Telephone3 xsi:nil="true"></Telephone3>
          <TimeZoneRuleVersionNumber xsi:nil="true"></TimeZoneRuleVersionNumber>
          <UPSZone xsi:nil="true"></UPSZone>
          <UTCOffset xsi:nil="true"></UTCOffset>
          <UTCConversionTimeZoneCode xsi:nil="true"></UTCConversionTimeZoneCode>
        </Address>
        <Address>
          <AddressNumber>2</AddressNumber>
          <AddressTypeCode>1</AddressTypeCode>
          <City xsi:nil="true"></City>
          <County xsi:nil="true"></County>
          <Country xsi:nil="true"></Country>
          <Fax xsi:nil="true"></Fax>
          <FreightTermsCode xsi:nil="true"></FreightTermsCode>
          <ImportSequenceNumber xsi:nil="true"></ImportSequenceNumber>
          <Latitude xsi:nil="true"></Latitude>
          <Line1 xsi:nil="true"></Line1>
          <Line2 xsi:nil="true"></Line2>
          <Line3 xsi:nil="true"></Line3>
          <Longitude xsi:nil="true"></Longitude>
          <Name xsi:nil="true"></Name>
          <PostalCode xsi:nil="true"></PostalCode>
          <PostOfficeBox xsi:nil="true"></PostOfficeBox>
          <PrimaryContactName xsi:nil="true"></PrimaryContactName>
          <ShippingMethodCode>1</ShippingMethodCode>
          <StateOrProvince xsi:nil="true"></StateOrProvince>
          <Telephone1 xsi:nil="true"></Telephone1>
          <Telephone2 xsi:nil="true"></Telephone2>
          <Telephone3 xsi:nil="true"></Telephone3>
          <TimeZoneRuleVersionNumber xsi:nil="true"></TimeZoneRuleVersionNumber>
          <UPSZone xsi:nil="true"></UPSZone>
          <UTCOffset xsi:nil="true"></UTCOffset>
          <UTCConversionTimeZoneCode xsi:nil="true"></UTCConversionTimeZoneCode>
        </Address>
      </Addresses>
    </Publisher>
    <RootComponents>
      <RootComponent type="1" schemaName="account" behavior="2" />
      <RootComponent type="1" schemaName="al_treinamento" behavior="0" />
      <RootComponent type="1" schemaName="leadtoopportunitysalesprocess" behavior="0" />
      <RootComponent type="29" id="{0c57729d-579b-4084-b610-ab418ac6c8b0}" behavior="0" />
      <RootComponent type="29" id="{0d849714-5288-ed11-81ad-000d3a888ada}" behavior="0" />
      <RootComponent type="29" id="{1cea9132-1c9a-409f-a8cd-1661ba6fdc85}" behavior="0" />
      <RootComponent type="29" id="{919e14d1-6489-4852-abd0-a63a6ecaac5d}" behavior="0" />
      <RootComponent type="61" schemaName="al_logotipo_teste" behavior="0" />
      <RootComponent type="61" schemaName="al_meuformulario" behavior="0" />
      <RootComponent type="61" schemaName="al_scriptjs01" behavior="0" />
      <RootComponent type="61" schemaName="al_validacoes" behavior="0" />
      <RootComponent type="62" schemaName="al_Treinamento" behavior="0" />
      <RootComponent type="80" schemaName="al_Treinamento" behavior="0" />
      <RootComponent type="91" id="{1d3c1a43-085e-4bb3-9d75-126132ff4992}" schemaName="Plugins, Version=1.0.0.0, Culture=neutral, PublicKeyToken=f05646bc25c9f623" behavior="0" />
      <RootComponent type="92" id="{a9e19daa-8f90-ed11-aad1-000d3a888ada}" behavior="0" />
      <RootComponent type="92" id="{acbc6214-8e8f-ed11-aad1-000d3a888ada}" behavior="0" />
    </RootComponents>
    <MissingDependencies>
      <MissingDependency>
        <Required type="1" schemaName="leadtoopportunitysalesprocess" displayName="Processo de Vendas do Cliente Potencial até a Oportunidade" solution="msdynce_Sales (9.0.4.0076)">
          <package>msdynce_SalesAnchor (9.0.22121.10009)</package>
        </Required>
        <Dependent type="1" schemaName="leadtoopportunitysalesprocess" displayName="Processo de Vendas do Cliente Potencial até a Oportunidade" />
      </MissingDependency>
      <MissingDependency>
        <Required type="1" schemaName="msdyn_accountpricelist" displayName="Lista de Preços do Projeto da Conta" solution="ProjectService (3.10.0.31)" />
        <Dependent type="60" displayName="Conta" parentDisplayName="Conta" id="{8448b78f-8f42-454e-8e2a-f8196b0419af}" />
      </MissingDependency>
      <MissingDependency>
        <Required type="1" schemaName="msdyn_workorder" displayName="Ordem de Serviço" solution="FieldService (8.8.0.88)" />
        <Dependent type="60" displayName="Conta" parentDisplayName="Conta" id="{8448b78f-8f42-454e-8e2a-f8196b0419af}" />
      </MissingDependency>
      <MissingDependency>
        <Required type="10" schemaName="msdyn_account_account_BillingAccount" displayName="msdyn_account_account_BillingAccount" parentSchemaName="account" parentDisplayName="Conta" solution="FieldServiceCommon (1.0.0.217)" />
        <Dependent type="60" displayName="Conta" parentDisplayName="Conta" id="{8448b78f-8f42-454e-8e2a-f8196b0419af}" />
      </MissingDependency>
      <MissingDependency>
        <Required type="10" schemaName="msdyn_account_msdyn_accountpricelist_Account" displayName="msdyn_account_msdyn_accountpricelist_Account" parentSchemaName="account" parentDisplayName="Conta" solution="ProjectService (3.10.0.31)" />
        <Dependent type="60" displayName="Conta" parentDisplayName="Conta" id="{8448b78f-8f42-454e-8e2a-f8196b0419af}" />
      </MissingDependency>
      <MissingDependency>
        <Required type="10" schemaName="msdyn_account_msdyn_agreement_BillingAccount" displayName="msdyn_account_msdyn_agreement_BillingAccount" parentSchemaName="account" parentDisplayName="Conta" solution="FieldService (8.8.0.88)" />
        <Dependent type="60" displayName="Conta" parentDisplayName="Conta" id="{8448b78f-8f42-454e-8e2a-f8196b0419af}" />
      </MissingDependency>
      <MissingDependency>
        <Required type="10" schemaName="msdyn_account_msdyn_agreement_ServiceAccount" displayName="msdyn_account_msdyn_agreement_ServiceAccount" parentSchemaName="account" parentDisplayName="Conta" solution="FieldService (8.8.0.88)" />
        <Dependent type="60" displayName="Conta" parentDisplayName="Conta" id="{8448b78f-8f42-454e-8e2a-f8196b0419af}" />
      </MissingDependency>
      <MissingDependency>
        <Required type="10" schemaName="msdyn_account_msdyn_payment_Account" displayName="msdyn_account_msdyn_payment_Account" parentSchemaName="account" parentDisplayName="Conta" solution="FieldService (8.8.0.88)" />
        <Dependent type="60" displayName="Conta" parentDisplayName="Conta" id="{8448b78f-8f42-454e-8e2a-f8196b0419af}" />
      </MissingDependency>
      <MissingDependency>
        <Required type="10" schemaName="msdyn_account_msdyn_project_Customer" displayName="msdyn_account_msdyn_project_Customer" parentSchemaName="account" parentDisplayName="Conta" solution="ProjectService (3.10.0.31)" />
        <Dependent type="60" displayName="Conta" parentDisplayName="Conta" id="{8448b78f-8f42-454e-8e2a-f8196b0419af}" />
      </MissingDependency>
      <MissingDependency>
        <Required type="10" schemaName="msdyn_account_msdyn_rma_BillingAccount" displayName="msdyn_account_msdyn_rma_BillingAccount" parentSchemaName="account" parentDisplayName="Conta" solution="FieldService (8.8.0.88)" />
        <Dependent type="60" displayName="Conta" parentDisplayName="Conta" id="{8448b78f-8f42-454e-8e2a-f8196b0419af}" />
      </MissingDependency>
      <MissingDependency>
        <Required type="10" schemaName="msdyn_account_msdyn_rma_ServiceAccount" displayName="msdyn_account_msdyn_rma_ServiceAccount" parentSchemaName="account" parentDisplayName="Conta" solution="FieldService (8.8.0.88)" />
        <Dependent type="60" displayName="Conta" parentDisplayName="Conta" id="{8448b78f-8f42-454e-8e2a-f8196b0419af}" />
      </MissingDependency>
      <MissingDependency>
        <Required type="10" schemaName="msdyn_account_msdyn_rtv_Vendor" displayName="msdyn_account_msdyn_rtv_Vendor" parentSchemaName="account" parentDisplayName="Conta" solution="FieldService (8.8.0.88)" />
        <Dependent type="60" displayName="Conta" parentDisplayName="Conta" id="{8448b78f-8f42-454e-8e2a-f8196b0419af}" />
      </MissingDependency>
      <MissingDependency>
        <Required type="10" schemaName="msdyn_account_msdyn_workorder_BillingAccount" displayName="msdyn_account_msdyn_workorder_BillingAccount" parentSchemaName="account" parentDisplayName="Conta" solution="FieldService (8.8.0.88)" />
        <Dependent type="60" displayName="Conta" parentDisplayName="Conta" id="{8448b78f-8f42-454e-8e2a-f8196b0419af}" />
      </MissingDependency>
      <MissingDependency>
        <Required type="10" schemaName="msdyn_account_msdyn_workorder_ServiceAccount" displayName="msdyn_account_msdyn_workorder_ServiceAccount" parentSchemaName="account" parentDisplayName="Conta" solution="FieldService (8.8.0.88)" />
        <Dependent type="60" displayName="Conta" parentDisplayName="Conta" id="{8448b78f-8f42-454e-8e2a-f8196b0419af}" />
      </MissingDependency>
      <MissingDependency>
        <Required type="10" schemaName="msdyn_account_msdyn_customerasset_Account" displayName="msdyn_account_msdyn_customerasset_Account" parentSchemaName="msdyn_customerasset" parentDisplayName="Ativo do Cliente" solution="msdyn_AssetCommon (1.0.28.3)">
          <package>msdynce_ServiceAnchor (9.0.22121.1011)</package>
        </Required>
        <Dependent type="60" displayName="Conta" parentDisplayName="Conta" id="{8448b78f-8f42-454e-8e2a-f8196b0419af}" />
      </MissingDependency>
      <MissingDependency>
        <Required type="10" schemaName="msdyn_account_msdyn_purchaseorder_Vendor" displayName="msdyn_account_msdyn_purchaseorder_Vendor" parentSchemaName="msdyn_purchaseorder" parentDisplayName="Ordem de Compra" solution="FieldServiceCommon (1.0.0.217)" />
        <Dependent type="60" displayName="Conta" parentDisplayName="Conta" id="{8448b78f-8f42-454e-8e2a-f8196b0419af}" />
      </MissingDependency>
      <MissingDependency>
        <Required type="10" schemaName="msdyn_msdyn_taxcode_account_SalesTaxCode" displayName="msdyn_msdyn_taxcode_account_SalesTaxCode" parentSchemaName="msdyn_taxcode" parentDisplayName="Código de Imposto" solution="FieldService (8.8.0.88)" />
        <Dependent type="60" displayName="Conta" parentDisplayName="Conta" id="{8448b78f-8f42-454e-8e2a-f8196b0419af}" />
      </MissingDependency>
      <MissingDependency>
        <Required type="10" schemaName="msdyn_msdyn_workhourtemplate_account_workhourtemplate" displayName="msdyn_msdyn_workhourtemplate_account_workhourtemplate" parentSchemaName="msdyn_workhourtemplate" parentDisplayName="Modelo de trabalho" solution="FieldService (8.8.0.88)" />
        <Dependent type="60" displayName="Conta" parentDisplayName="Conta" id="{8448b78f-8f42-454e-8e2a-f8196b0419af}" />
      </MissingDependency>
      <MissingDependency>
        <Required type="10" schemaName="msdyn_territory_account_ServiceTerritory" displayName="msdyn_territory_account_ServiceTerritory" parentSchemaName="territory" parentDisplayName="Região" solution="FieldService (8.8.0.88)" />
        <Dependent type="60" displayName="Conta" parentDisplayName="Conta" id="{8448b78f-8f42-454e-8e2a-f8196b0419af}" />
      </MissingDependency>
      <MissingDependency>
        <Required type="2" schemaName="defaultpricelevelid" displayName="Lista de Preços de Produtos" parentSchemaName="account" parentDisplayName="Conta" solution="msdynce_ProductManagement (9.0.4.0066)" />
        <Dependent type="60" displayName="Conta" parentDisplayName="Conta" id="{8448b78f-8f42-454e-8e2a-f8196b0419af}" />
      </MissingDependency>
      <MissingDependency>
        <Required type="2" schemaName="msdyn_billingaccount" displayName="Conta de Cobrança" parentSchemaName="account" parentDisplayName="Conta" solution="FieldServiceCommon (1.0.0.217)" />
        <Dependent type="60" displayName="Conta" parentDisplayName="Conta" id="{8448b78f-8f42-454e-8e2a-f8196b0419af}" />
      </MissingDependency>
      <MissingDependency>
        <Required type="2" schemaName="msdyn_salestaxcode" displayName="Código do Imposto" parentSchemaName="account" parentDisplayName="Conta" solution="FieldService (8.8.0.88)" />
        <Dependent type="60" displayName="Conta" parentDisplayName="Conta" id="{8448b78f-8f42-454e-8e2a-f8196b0419af}" />
      </MissingDependency>
      <MissingDependency>
        <Required type="2" schemaName="msdyn_serviceterritory" displayName="Região de Serviço" parentSchemaName="account" parentDisplayName="Conta" solution="FieldService (8.8.0.88)" />
        <Dependent type="60" displayName="Conta" parentDisplayName="Conta" id="{8448b78f-8f42-454e-8e2a-f8196b0419af}" />
      </MissingDependency>
      <MissingDependency>
        <Required type="2" schemaName="msdyn_taxexempt" displayName="Isenção de Imposto" parentSchemaName="account" parentDisplayName="Conta" solution="FieldServiceCommon (1.0.0.217)" />
        <Dependent type="60" displayName="Conta" parentDisplayName="Conta" id="{8448b78f-8f42-454e-8e2a-f8196b0419af}" />
      </MissingDependency>
      <MissingDependency>
        <Required type="2" schemaName="msdyn_taxexemptnumber" displayName="Número de Isenção de Imposto" parentSchemaName="account" parentDisplayName="Conta" solution="FieldServiceCommon (1.0.0.217)" />
        <Dependent type="60" displayName="Conta" parentDisplayName="Conta" id="{8448b78f-8f42-454e-8e2a-f8196b0419af}" />
      </MissingDependency>
      <MissingDependency>
        <Required type="2" schemaName="msdyn_travelcharge" displayName="Cobrança de Viagem" parentSchemaName="account" parentDisplayName="Conta" solution="FieldService (8.8.0.88)" />
        <Dependent type="60" displayName="Conta" parentDisplayName="Conta" id="{8448b78f-8f42-454e-8e2a-f8196b0419af}" />
      </MissingDependency>
      <MissingDependency>
        <Required type="2" schemaName="msdyn_travelchargetype" displayName="Tipo de Cobrança de Viagem" parentSchemaName="account" parentDisplayName="Conta" solution="FieldService (8.8.0.88)" />
        <Dependent type="60" displayName="Conta" parentDisplayName="Conta" id="{8448b78f-8f42-454e-8e2a-f8196b0419af}" />
      </MissingDependency>
      <MissingDependency>
        <Required type="2" schemaName="msdyn_workhourtemplate" displayName="Modelo de Horas de Trabalho" parentSchemaName="account" parentDisplayName="Conta" solution="FieldService (8.8.0.88)" />
        <Dependent type="60" displayName="Conta" parentDisplayName="Conta" id="{8448b78f-8f42-454e-8e2a-f8196b0419af}" />
      </MissingDependency>
      <MissingDependency>
        <Required type="2" schemaName="msdyn_workorderinstructions" displayName="Instruções de Ordem de Serviço" parentSchemaName="account" parentDisplayName="Conta" solution="FieldService (8.8.0.88)" />
        <Dependent type="60" displayName="Conta" parentDisplayName="Conta" id="{8448b78f-8f42-454e-8e2a-f8196b0419af}" />
      </MissingDependency>
      <MissingDependency>
        <Required type="26" schemaName="Listas de Preços de Projeto Ativas" displayName="Listas de Preços de Projeto Ativas" parentSchemaName="msdyn_accountpricelist" parentDisplayName="Lista de Preços do Projeto da Conta" solution="ProjectService (3.10.0.31)" id="{9e8bd99a-72e8-49fe-8c6f-ec1ac8407f5a}" />
        <Dependent type="60" displayName="Conta" parentDisplayName="Conta" id="{8448b78f-8f42-454e-8e2a-f8196b0419af}" />
      </MissingDependency>
      <MissingDependency>
        <Required type="26" schemaName="Ordens de Serviço Ativas" displayName="Ordens de Serviço Ativas" parentSchemaName="msdyn_workorder" parentDisplayName="Ordem de Serviço" solution="FieldService (8.8.0.88)" id="{fce37246-eba1-4e92-bb9d-f8cb3ec38e3f}" />
        <Dependent type="60" displayName="Conta" parentDisplayName="Conta" id="{8448b78f-8f42-454e-8e2a-f8196b0419af}" />
      </MissingDependency>
      <MissingDependency>
        <Required type="59" schemaName="Ordens de Serviço Ativas por Tipo" displayName="Ordens de Serviço Ativas por Tipo" parentSchemaName="msdyn_workorder" parentDisplayName="Ordem de Serviço" solution="FieldService (8.8.0.88)" id="{8e746648-1a4e-e111-93b3-000c2959f9b8}" />
        <Dependent type="60" displayName="Conta" parentDisplayName="Conta" id="{8448b78f-8f42-454e-8e2a-f8196b0419af}" />
      </MissingDependency>
      <MissingDependency>
        <Required type="60" displayName="cartão do contato da conta" parentDisplayName="Contato" solution="msdynce_AppCommon (9.0.4.0066)" id="{29de27bc-a257-4f29-99cf-bab4a84e688f}" />
        <Dependent type="60" displayName="Conta" parentDisplayName="Conta" id="{8448b78f-8f42-454e-8e2a-f8196b0419af}" />
      </MissingDependency>
      <MissingDependency>
        <Required type="60" displayName="Conta" parentDisplayName="Conta" solution="msdynce_AppCommon (9.0.4.0066)" id="{8448b78f-8f42-454e-8e2a-f8196b0419af}" />
        <Dependent type="60" displayName="Conta" parentDisplayName="Conta" id="{8448b78f-8f42-454e-8e2a-f8196b0419af}" />
      </MissingDependency>
      <MissingDependency>
        <Required type="61" schemaName="msdyn_/Account/Account.Library.js" displayName="msdyn_/Account/Account.Library.js" solution="FieldService (8.8.0.88)" />
        <Dependent type="60" displayName="Conta" parentDisplayName="Conta" id="{8448b78f-8f42-454e-8e2a-f8196b0419af}" />
      </MissingDependency>
      <MissingDependency>
        <Required type="61" schemaName="msdyn_/Account/AssetCommon.Account.Library.js" displayName="msdyn_/Account/AssetCommon.Account.Library.js" solution="msdyn_AssetCommon (1.0.28.3)">
          <package>msdynce_ServiceAnchor (9.0.22121.1011)</package>
        </Required>
        <Dependent type="60" displayName="Conta" parentDisplayName="Conta" id="{8448b78f-8f42-454e-8e2a-f8196b0419af}" />
      </MissingDependency>
      <MissingDependency>
        <Required type="61" schemaName="msdyn_/Libraries/require/require.js" displayName="msdyn_/Libraries/require/require.js" solution="ProjectService (3.10.0.31)" />
        <Dependent type="60" displayName="Conta" parentDisplayName="Conta" id="{8448b78f-8f42-454e-8e2a-f8196b0419af}" />
      </MissingDependency>
      <MissingDependency>
        <Required type="61" schemaName="msdyn_/Utils/FieldServiceTrial.js" displayName="msdyn_/Utils/FieldServiceTrial.js" solution="FieldService (8.8.0.88)" />
        <Dependent type="60" displayName="Conta" parentDisplayName="Conta" id="{8448b78f-8f42-454e-8e2a-f8196b0419af}" />
      </MissingDependency>
      <MissingDependency>
        <Required type="66" schemaName="Microsoft.AddressInputUCI" displayName="Microsoft.AddressInputUCI" solution="BaseCustomControlsCore (9.0.2212.2011)" />
        <Dependent type="60" displayName="Conta" parentDisplayName="Conta" id="{8448b78f-8f42-454e-8e2a-f8196b0419af}" />
      </MissingDependency>
      <MissingDependency>
        <Required type="66" schemaName="MscrmControls.CardFeedContainer.CardFeedContainer" displayName="MscrmControls.CardFeedContainer.CardFeedContainer" solution="BaseCustomControlsCore (9.0.2212.2011)" />
        <Dependent type="60" displayName="Conta" parentDisplayName="Conta" id="{8448b78f-8f42-454e-8e2a-f8196b0419af}" />
      </MissingDependency>
      <MissingDependency>
        <Required type="66" schemaName="msdyn_MscrmControls.TreeView.TreeViewControl" displayName="msdyn_MscrmControls.TreeView.TreeViewControl" solution="msdyn_AssetCommon (1.0.28.3)">
          <package>msdynce_ServiceAnchor (9.0.22121.1011)</package>
        </Required>
        <Dependent type="60" displayName="Conta" parentDisplayName="Conta" id="{8448b78f-8f42-454e-8e2a-f8196b0419af}" />
      </MissingDependency>
    </MissingDependencies>
  </SolutionManifest>
</ImportExportXml>